Всевишній	1
Господь	1
Христовий	1
аборт	-1
абсурд	-1
абсурдний	-1
абсурдно	-1
аварійний	-1
аварія	-2
авіаудар	-2
автентичний	1
автомат	-1
автоматний	-2
авторитетний	1
агітка	-1
агонія	-1
агресія	-1
агресивний	-1
адаптований	1
адекватний	1
адекватно	1
ажурний	1
акторський	1
акуратний	1
алкаш	-2
алкоголізм	-1
алогічний	-1
альтруїстичний	1
амбітний	1
амбіція	1
амністія	1
аморальний	-1
аморфний	-1
ангельський	1
аномальний	-1
анти	-1
антиамериканський	-1
антигромадський	-1
антигуманний	-1
антидержавний	-2
антиконституційний	-1
антинаркотичний	1
антинародний	-1
антинауковий	-1
антирадянський	-1
антисанітарний	-1
антисеміт	-1
антисемітський	-2
антисоціальний	-1
антитерористичний	1
антиутопія	-1
антихристиянський	-1
апатичний	-2
апетитний	1
аплодисменти	1
апокаліптичний	-1
арешт	-1
арматура	-2
аромат	1
артилерист	-1
артистичний	1
асоціальний	-2
атакувати	-1
афганський	-1
ахінея	-1
багатий	1
багатовимірний	1
багатогранний	1
багатодітний	1
багатомільйонний	-1
багатообіцяючий	1
багатофункціональність	1
багно	-2
бадьорий	1
бажаний	1
байдуже	-1
байдужість	-1
байдужий	-2
балаканина	-1
балакучий	-1
балалайка	-1
балувати	1
банальність	-1
банально	-1
банда	-1
бандит	-2
бандитський	-1
бандформування	-1
бандюга	-2
бандюк	-2
банкрут	-1
банкрутство	-1
барвистий	1
бароко	1
бароковий	1
батьківський	1
безальтернативний	-1
безбожний	-1
безвідповідальність	-2
безвідповідальний	-1
безвинний	-2
безвихідний	-1
безвихідь	-1
безвольний	-1
безглуздість	-2
безглуздий	-2
безглуздо	-1
безгрішний	1
безгрошовий	-1
бездарність	-2
бездарний	-2
бездіяльність	-1
бездіяти	-1
бездоганний	1
бездоганно	2
бездумний	-2
бездумно	-1
безжалісний	-1
безжальний	-2
безжально	-2
безжурний	2
беззавітний	1
беззаконний	-1
беззаконня	-1
беззахисний	-1
беззмістовний	-1
беззубий	-2
безідейний	-1
безініціативний	-1
безкарність	-1
безкарний	-2
безкомпромісний	-1
безконтрольний	-1
безкорисливий	1
безлад	-1
безладний	-1
безмежний	1
безнадійний	-1
безнадія	-1
безодня	-1
безпека	1
безперебійний	1
безперервний	-1
безперечний	1
безперспективний	-1
безпечний	1
безпечно	2
безпідставний	-1
безповоротний	-1
безпокійний	-1
безпомічний	-2
безпорадний	-2
безправний	-2
безпритульний	-1
безпрограшний	1
безпросвітний	-2
безпутний	-1
безрадісний	-1
безрезультатний	-1
безробіття	-1
безрозсудний	-1
безсердечний	-1
безславний	-2
безсмачний	-1
безсмертний	2
безсовісний	-2
безсоромний	-2
безстрашний	1
безсумнівний	1
безтактовний	-1
безталанний	-1
безтолковий	-2
безтурботний	1
безумний	-2
безумовний	1
безумство	-1
безуспішний	-1
безхмарний	1
безхребетний	-1
безцеремонний	-1
безцільний	-1
безцінний	2
безчесний	-1
безчуттєвий	-1
бентежити	-1
біда	-1
бідність	-1
бідний	-2
бідно	-1
бідолашний	-2
біженець	-1
бійка	-1
бійня	-2
білосніжний	2
біс	-2
бісексуал	-1
бидло	-2
битва	-1
бити	-2
битися	-1
благий	2
благовихований	1
благоговійний	1
благодать	1
благодійність	1
благодійний	1
благодійник	1
благозвучний	1
благополучний	2
благополучно	1
благополуччя	2
благородний	1
благородство	2
благорозумний	1
благословенний	1
благословити	2
благословляти	1
благосний	1
благотворний	1
благоустрій	1
благочестивий	1
блаженний	2
блаженство	1
блакитний	1
блакить	1
блатний	-2
бліднути	-1
ближній	1
близький	1
блиск	2
блискучий	2
блищати	1
блокада	-1
блокадний	-1
блокуватися	-1
блукати	-2
блювати	-1
блювотиння	-2
блюзнірство	-2
блядство	-2
бляклий	-1
богатирський	1
богиня	1
богобоязливий	-1
боговгодно	1
богомерзенний	-2
богословський	1
божевілля	-1
божественний	1
божество	1
божеський	1
болісний	-2
болісно	-1
боліти	-2
болючий	-2
бомба	-2
бомбардувальник	-1
бомбардування	-1
бомбити	-1
бомбування	-1
борг	-1
борговий	-1
борець	1
боягуз	-2
боягузливість	-2
боягузливий	-2
боягузтво	-1
боязкуватий	-1
боязнь	-1
боятися	-2
брак	-2
браконьєр	-2
бракувати	-1
бранка	-2
братовбивчий	-1
братський	1
браття	1
брехати	-1
брехливий	-2
брехня	-1
бродяга	-1
броньований	1
бруд	-1
брудний	-2
бруднити	-1
брутальний	-2
брязкати	-2
бувалий	1
буйний	-2
букет	1
булька	-2
бунт	-2
бунтівник	-1
бунтувати	-1
буржуазія	-1
буржуй	-1
буркотливий	-1
бухати	-2
бюрократ	-1
бюрократія	-1
бюрократизм	-2
в'язаний	1
в'язень	-1
в'язниця	-2
в'ялий	-1
важкий	1
важковиліковний	-2
важкувато	-1
валити	-2
валитися	-2
вандал	-2
вандалізм	-2
варварський	-1
ваххабіт	-1
вбивати	-2
вбивство	-1
вбивця	-2
вбивчий	-1
вбитий	-2
вбогий	-2
вважати	-1
ввічливість	1
ввічливий	1
вгадувати	1
вгамовуватися	-2
вдалий	1
вдало	1
вдаритися	-2
вдержатися	-2
вдосконалення	1
вдосконалюватися	1
вдячність	2
вдячний	1
везучий	1
велелюбний	1
великомасштабний	2
великорос	-1
великоруський	1
великосвітський	-1
величезний	1
величний	1
вельмишановний	1
венеричний	-1
верескливий	-1
верещати	-2
верзтися	-2
верховний	1
веселий	1
веселитися	1
ветхий	-1
вечір	1
вечірка	1
взаємний	1
взаємовигідний	1
взаємоприйнятний	1
відбування	-1
відбувати	-1
відбудовувати	1
відвага	1
відважний	2
відганяти	-2
відгороджувати	-2
відданість	1
відділок	-2
відкат	-2
відкидати	-1
відкритість	1
відкушувати	-1
відмінний	1
відмінниця	1
відмивання	-1
відмовитися	-2
відмовляти	-1
відмовлятися	-1
відмовний	-1
відморозок	-2
відновлення	1
відновлювальний	1
відновлювати	1
відображати	1
відраза	-1
відреставрований	1
відрізати	-1
відринутий	-1
відродження	1
відроджувати	2
відроджуватися	1
відродити	2
відрубувати	-1
відсахнутися	-2
відсвяткувати	1
відсіч	1
відсидка	-2
відставати	-1
відсторонення	-1
відстороняти	-1
відторгнення	-1
відтяти	-2
відхилення	-1
відхиляти	-1
відхожий	-1
відчай	-2
відштовхнути	-1
відщепенець	-2
війна	-1
вільнодумний	1
вірність	2
віроломний	-2
вірусний	-1
вітальний	1
вітати	2
вітатися	1
вічний	1
віщий	1
вибачення	1
вибух	-2
вибухати	-2
вибухівка	-2
виверт	-2
вивчення	1
вигадливий	1
вигадувати	-1
вигідніший	1
вигідний	1
вигідно	1
вигнавши	-2
вигнанець	-1
вигнання	-2
вигнати	-2
вигода	1
виграш	2
вигрібати	-1
видавлювати	-2
видалений	-2
видаляти	-1
видворяти	-1
видовищний	1
вижити	-2
визвольний	1
визначний	1
виїдати	-2
викидати	-1
викинути	-2
викорінення	1
викорінити	-2
використати	1
викрадати	-1
викрадач	-1
викрадення	-1
викривач	-1
викрити	-2
викурювати	-1
вилучення	-1
виляти	-1
вимагати	-1
вимивати	-2
вимирання	-1
вимирати	-2
винагородити	1
винищувати	-1
винність	-1
винний	-2
винуватий	-1
випалювати	-2
випереджати	1
виправдання	-1
виправдатися	1
виправдувальний	1
виразка	-2
виразковий	-1
виразний	1
вирізати	-2
вирізняти	1
вириватися	-2
вироджуватися	-1
виродок	-1
вирок	-2
виростити	1
виручати	1
висадка	-1
виселення	-2
висміювати	-2
виснаження	-1
виснажливий	-1
високий	1
високоефективний	1
висококваліфікований	2
висококласний	2
високоміцний	1
високоморальний	1
високооплачуваний	1
високоосвічений	1
високоповажний	1
високопродуктивний	1
високопрофесійний	1
високотехнологічний	1
високоточний	1
високохудожній	1
високоякісний	2
вистежувати	-2
вистражданий	1
вистрілювати	-1
витік	-1
витісняти	-1
витонченість	2
витончений	2
витончено	1
витрата	-1
витратити	-1
витратний	-2
витривалий	1
витягнути	-2
вихваляти	-2
вихлюпуватися	-2
вишуканий	1
вкинути	-2
вкрасти	-2
вкусити	-2
властивий	1
вмирати	-1
вовтузіння	-2
вогневий	-1
вогник	1
воістину	1
волати	-2
воловий	-2
волонтер	1
вольовий	1
ворог	-2
ворожий	-1
ворушитися	-2
воскресіння	1
впарювати	-1
впевненість	1
впевнений	1
впевнено	1
впертий	-1
впливовий	1
впровадження	1
вражати	1
вражаючий	1
врегулювання	1
врівноваженість	1
вриватися	-2
врода	1
вродливий	1
всебічний	1
всеблагий	1
вселенський	1
всемогутній	1
всеосяжний	1
всеохоплюючий	1
всепереможний	1
всеросійський	1
всміхатися	1
втеча	-1
втікати	-2
втілити	1
втілитися	1
втілювати	1
втішати	1
втома	-1
втомлюватися	-1
вторгатися	-1
вторгнення	-1
вторгнутися	-2
втрата	-1
втратити	-1
втрачений	1
втричі	-1
втручання	-1
втручатися	-1
втягнути	-2
втягувати	-2
вузьколобий	-1
вціліти	1
вчинений	-2
вчинити	-2
гайдамацтво	-2
галасливий	-1
гальмо	-1
гальмувати	-1
ганебний	-2
ганьба	-2
ганьбити	-2
гарантійний	1
гарантований	1
гарантувати	1
гармонійний	1
гармонійно	1
гармонія	1
гарненький	1
гарненько	1
гарний	2
гаснути	-2
гвалтувати	-1
генералісимус	1
геніальний	1
геній	2
героїн	-2
героїчний	2
героїчно	1
герой	1
геройство	1
гівняний	-2
гідність	1
гідний	1
гільза	-1
гіпертонічний	-2
гіпертонія	-2
гіпертрофований	-1
гіпноз	-2
гітлерівець	-2
гітлерівський	-1
гидота	-1
гидувати	-1
гинути	-1
гламурний	-1
глибокодумний	1
гнаний	-1
гнів	-1
гнівний	-1
гнітити	-2
гнітючий	-1
гнида	-2
гнилий	-2
гнисти	-2
гнобитель	-2
гнобити	-1
гнути	-2
голод	-2
голодний	-2
голодомор	-1
голослівний	-1
голубий	1
гомеричний	-1
гомофоб	-1
гоніння	-1
гопник	-1
гордість	1
гордовитий	-1
горілий	-1
горіти	-1
горлати	-2
гостинність	1
гостинний	2
грабіжник	-1
грабіжницький	-2
грабки	-2
грабувати	-1
грамотний	1
грамотно	1
гранатомет	-1
граціозний	1
гріх	-2
гріховний	-1
грішний	-2
грибковий	-1
гримати	-2
грозитися	-2
громада	1
громіздкий	-1
грубуватий	-1
грунтовний	1
групка	-1
губитися	-1
гудіти	-1
гуманістичний	1
гуманний	1
гумор	1
гумористичний	1
ґвалтівник	-2
ґвалтування	-2
ґвалтувати	-2
ґрунтовний	1
давити	-2
давньоруський	1
даремний	-1
даремно	-1
дарувати	1
дбайливий	1
двієчник	-1
двосторонній	1
двоякий	-1
дебіл	-2
деблокування	1
дев'яностий	-1
девіантний	-1
дегенерат	-2
дегенеративний	-1
деградація	-1
деградувати	-2
дезертирувати	-2
дезінформація	-1
дезінформувати	-2
декласований	-1
демократичний	1
демон	-1
демонічний	-2
демпінгувати	-2
депортація	-1
депресія	-1
депресивний	-1
деспот	-2
деспотичний	-2
дестабілізація	-1
деструктивний	-1
дефект	-1
дефіцит	-1
дефіцитний	-1
джинса	-1
діапазон	1
дівка	-1
дідівщина	-1
дієвість	1
діоксин	-2
дірка	-1
дірявий	-1
дітлахи	1
діяч	-1
диверсант	-1
диверсійний	-1
диверсія	-1
дивина	-1
дивний	-1
дивовижний	1
дизайнерський	1
дикість	-1
дикий	-2
дилетантський	-1
диплом	1
дипломатія	1
дисгармонійний	-1
дискомфортний	-1
дискредитація	-1
дискредитувати	-1
дискримінаційний	-1
дискримінація	-1
дисфункція	-2
дитинство	1
дитя	1
диявол	-1
диявольський	-2
добірний	-1
добити	-2
доблесний	1
доблесть	1
добріти	2
добрий	2
добро	1
добробут	1
добровільно	1
доброволець	1
добровольчий	1
добродійний	1
доброзичливість	2
доброзичливий	1
добропорядний	2
доброта	1
добротний	2
доброчесний	1
доброякісний	1
довговічний	1
довголіття	2
довгоочікуваний	1
довір'я	1
довіра	1
довірчий	1
довіряти	1
довічний	-2
доглянутий	1
дожити	1
докір	-2
доконати	-2
докочуватися	-1
докучати	-1
докучливий	-1
домагання	-2
допитливий	1
допитувати	-1
допитуючи	-2
доплата	1
допомога	1
доречний	1
дорікати	-1
дорогий	1
дорогоцінний	1
дорожнеча	-1
досвідчений	2
досконалість	1
досконалий	1
дослідження	1
достаток	2
достовірно	1
достойний	1
досягнення	1
досягти	1
дохлий	-2
дохнути	-2
доходність	1
доцільний	1
дошкуляти	-2
дражнити	-2
драконівський	-2
драматичний	-1
дратівливий	-1
дратувати	-2
дратуватися	-2
дріб'язковий	-1
другосортний	-1
дружити	1
дружній	1
дружний	2
дужий	1
дупа	-2
дурацький	-1
дурень	-2
дурість	-1
дурити	-2
дурний	-2
дурник	-1
дурниця	-1
дурнуватий	-1
духовність	1
душити	-2
дякувати	1
євроатлантичний	1
єдність	1
єресь	-1
єхидний	-2
егоїзм	-2
егоїстичний	-1
егоцентричний	-1
ейфорія	2
еквівалентний	1
екологічний	1
економити	-1
ексклюзивний	1
експансія	-1
експлуатувати	-1
експресивний	1
експропріація	-1
екстравагантний	-1
екстремальний	1
екстремізм	-1
екстремістський	-1
елегантний	2
елітний	1
ембарго	-1
емфізема	-2
енергійний	2
енергонезалежний	1
ентузіаст	1
епілептичний	-2
епічний	1
епохальний	1
еротичний	-1
естетичний	1
етичний	1
ефект	1
ефективність	2
ефективний	1
ефективно	1
ефемерний	-1
жаданий	1
жадібність	-1
жадібний	-1
жалісливий	1
жалити	-1
жалувати	-2
жалюгідний	-2
жартівливий	1
жахати	-1
жахатися	-2
жахливий	-2
жахливо	-1
жебрак	-1
жертва	-2
жертвувати	-1
жерти	-2
жіночний	1
живий	1
живоносний	1
животрепетне	1
живучий	1
жид	-1
жидівський	-1
жирувати	-2
життєздатний	1
життєрадісний	1
життєстверджуючий	1
жовчний	-1
жопа	-2
жорстокість	-2
жорстокий	-2
жриця	1
жура	-1
з'єднання	-1
заарештований	-1
забезпечення	1
забетонувати	-2
забивати	-1
заблудлий	-1
заблукати	-1
заборгованість	-1
заборонний	-1
забороняти	-1
заборонятися	-1
забруднення	-1
завагітніти	-2
завербовувати	-1
завербувати	-2
завершити	1
завестися	-2
завзятість	1
завзятий	1
завивання	-1
завивати	-1
завидний	1
завинити	-2
завчасний	1
загальнолюдський	1
загальносвітовий	1
заганяти	-2
загарбник	-1
загартовувати	2
загасити	-2
загибель	-1
загинути	-2
заговорювати	-2
загострення	-1
загострюватися	-1
загрожувати	-2
загроза	-1
загрузнути	-2
загубити	-1
задавлювати	-1
задавнений	-2
задіяний	-2
задовільний	1
задоволення	2
задушевний	1
задушений	-2
задушити	-1
зажерливий	-2
зажертися	-2
заздрісний	-1
заздрість	-1
зазіхати	-2
заїдати	-2
зайвий	-1
зайобувати	-2
закінчити	-2
закликати	1
заклопотаність	-1
заколотник	-2
закомплексований	-1
закопувати	-2
закохуватися	1
закурювати	1
закусити	-2
залучати	1
залякування	-1
заманливий	1
замаскований	-2
замах	-2
замикати	-1
замкнутий	-1
замовкнути	-2
замовчувати	-1
заморочуватися	-1
заморський	1
замучений	-2
занапастити	-2
занепад	-1
занепадницький	-1
занепокоєння	-1
занепокоїтися	-2
занудити	-2
занудний	-1
занудьгувати	-1
заохочувальний	1
запалення	-1
запаморочливий	1
запеклий	-1
заперечувати	-1
запідозрити	-2
запідозрювати	-1
запізнення	-1
заплутувати	-1
запобігати	1
заповітний	1
заподіювати	-2
заподіяний	-2
запороти	-2
запроторити	-2
запроторювати	-2
заражати	-2
заражатися	-1
зараження	-1
зараза	-2
зарватися	-2
зарепетувати	-2
зарізати	-2
заробітчанин	-1
заручник	-2
зарядитися	1
засвічуватись	-1
засідка	-1
заслуга	1
заслужений	2
заслужено	1
заслужити	1
засмучувати	-1
засмучуватися	-1
заспокійливий	-2
заспокоювати	1
заспокоюватися	1
застарівати	-1
застарілий	-1
застійний	-1
застогнати	-2
застрелюватися	-1
застрягати	-2
засуджений	-2
засуджувати	-1
засуджуючи	-2
засудити	-2
затаєний	-2
затишний	1
затоплення	-1
затоплювати	-1
затримати	-2
затримувати	-2
затягуватися	-1
зауваження	-1
захват	2
захворювання	-1
захист	1
захланний	-2
заховати	-2
захоплений	1
захоплення	2
захоплювати	2
захоплюватися	1
захоплюючий	1
зацікавлювати	1
зациклюватися	-1
зачаровувати	1
зачарування	1
зашити	-2
зашкалювати	-1
зашкарублий	-1
зашкутильгати	-2
зашморг	-2
збалансований	1
збанкрутувати	-2
зберігати	1
збільшувати	1
збитковий	-1
збиток	-1
зближення	1
збоченець	-2
збочення	-1
збочувати	-1
збрехати	-2
зброя	-1
збудник	-1
збунтуватися	-2
збурити	-2
збутися	2
зважений	1
звалювати	-2
звалюватися	-1
звання	1
звершений	1
звільнення	1
звільняти	1
звільнятися	1
звіріти	-1
звірство	-2
звітувати	-1
звинуватити	-2
звинувачення	-1
звинувачувати	-2
зводити	-2
зволікати	-1
зворушливий	1
згвалтування	-2
згвалтувати	-2
згинути	-2
згорьований	-2
зграя	-1
згубний	-1
згуртований	1
зґвалтований	-2
зґвалтувати	-2
здавлюючи	-2
здерти	-2
здібний	1
здирство	-1
здобути	1
здогад	-2
здолати	1
здорожчати	-1
здохнути	-2
здравий	1
здраво	1
здравомислячий	1
зек	-1
зібраний	1
зізнаватися	-2
зіпсувати	-1
зіпсуватися	-2
зірка	1
зіткнення	-1
злагода	1
злагоджений	1
зламати	-2
зламатися	-2
зламувати	-1
зле	-1
злісний	-2
злість	-2
зливати	-1
злидні	-1
злий	-2
злити	-2
злитися	-1
злиття	1
зло	-1
зловживання	-2
зловмисний	-1
зловмисник	-2
злодійський	-2
злодіяння	-2
злом	-1
зломлений	-2
злопам'ятний	-2
злорадний	-1
злочин	-1
злочинний	-2
злочинниця	-2
злощасний	-1
злоякісний	-1
злякати	-2
злякатися	-1
змагати	-2
зменшуватися	-2
змести	-2
змітати	-1
зміцнення	1
зміцнити	1
змова	-1
змовник	-1
змучений	-1
змушувати	-1
знак	1
знаменний	1
значний	1
зневажати	-2
зневажливий	-1
знеможений	-2
знехотя	-1
знешкоджувати	1
зніяковілість	-1
знижуватися	-1
зникнути	-1
знищений	-2
знищення	-1
знищити	-2
знищувати	-1
знищуватися	-1
знос	-1
знущальний	-1
знущання	-2
знущатися	-2
зобов'язувати	-1
золотий	1
зомбі	-1
зомбувати	-2
зрада	-2
зраджувати	-1
зрадник	-2
зрадництво	-2
зрадницький	-2
зрадниця	-2
зривати	-2
зручність	1
зручний	1
зручно	1
зсув	-1
зубожілий	-1
зупинка	-1
зустрінути	1
зухвалий	1
зухвальство	-2
зціпити	-2
зчинити	-1
зчиняти	-2
ідеал	1
ідеалізм	1
ідеалізувати	-2
ідеальний	1
ідейний	1
ідіот	-1
ідіотизм	-2
ідіотський	-1
ізгой	-2
ілюзія	-1
іменинниця	1
імператорський	1
імпонувати	1
імунітет	1
інвалід	-1
інвалідність	-1
індиферентний	-1
індульгенція	1
інклюзивний	1
інкримінований	-2
інноваційний	1
інородець	-1
інсинуація	-2
інсульт	-1
інтеграція	1
інтегрований	1
інтелектуал	1
інтелектуальний	1
інтелігентний	2
інтелігенція	1
інтенсивний	1
інтенсифікація	1
інтервенція	-1
інтриганство	-2
інтуїція	1
інфантильний	-1
інфаркт	-1
інфекція	-2
інфернальний	-1
інформувати	1
інцест	-1
інцидент	-1
іракський	-1
іржавий	-1
ісламіст	-2
ісламістський	-1
істеричний	-2
істинний	1
істинно	1
їдкий	-1
казковий	1
казнокрад	-1
каліцтво	-2
калічити	-1
камерний	1
капати	-2
капіталіст	-1
карати	-2
каратися	-2
караючи	-2
карколомний	1
картати	-2
карцер	-2
кат	-2
катаклізм	-1
катастрофа	-1
катастрофічний	-2
катастрофічно	-2
категоричний	-1
катівня	-2
каторга	-2
каторжна	-2
катувати	-2
кацап	-2
каюта	1
каятися	-2
кваліфікований	1
квіти	1
кволий	-1
кепкувати	-2
кепський	-1
кілер	-1
кінчений	-2
кістлявий	-1
кидатися	-2
кинутий	-2
кислий	-1
класний	1
клофелін	-2
кмітливий	1
коїти	-2
колапс	-2
коливатися	-1
колись	-1
комбінаційний	1
комбінований	1
комедія	1
компанійський	1
компетентний	1
комплексний	1
комплімент	1
компроміс	1
комунікабельність	1
комфортабельний	1
комфортний	1
комфортно	1
конвульсія	-2
конкурентний	1
конкурентоспроможний	1
конкурс	1
конструкція	1
контрабанда	-1
контртерористичний	1
конфіскація	-1
конфіскувати	-1
конфлікт	-1
конфліктний	-1
конфліктувати	-2
концентраційний	-2
концтабір	-1
коняка	1
копати	-2
копійчаний	-1
копіткий	1
коріння	1
корисливий	-1
корисний	1
короста	-2
коротенький	1
корумпувати	-1
корупційний	-2
корупціонер	-1
корупція	-1
корчитися	-2
корявий	-1
кошмар	-2
кошмарний	-1
кошти	1
коштовний	-1
крадіжка	-1
краєвид	1
крапелька	1
крапельниця	-1
красень	1
красивий	1
красний	1
красномовний	2
красти	-2
крах	-2
кращати	1
кращий	2
кредит	-1
кривавий	-2
кривдити	-2
кривдник	-1
криза	-1
кризовий	-1
крик	-1
крикливий	-1
кримінал	-1
криміналістичний	-1
кримінальний	-1
криміногенний	-1
критика	-2
критиканство	-2
критикувати	-2
критися	-2
критичний	-2
крихітка	1
крихітний	-1
крихкий	-1
кричати	-2
кричущий	-1
кришталевий	1
кровожерливий	-2
кровопролитний	-1
кровопролиття	-2
кровотеча	-1
кропіткий	1
крутий	2
крутитися	-2
ксенофобія	-1
ксенофобський	-2
кубло	-2
кульгати	-2
куля	-1
купка	-1
курортний	1
куртуазний	-1
кухарка	-1
кухонний	-2
лайка	-2
лайливий	-1
лакей	-2
ламати	-2
ламатися	-1
ламаючи	-2
ласий	1
ласкавий	1
лауреат	2
лаятися	-1
левиний	1
легальний	1
легендарний	1
легітимний	1
легкість	1
легкий	1
легковажний	-1
легковірний	-1
легший	1
ледар	-1
ледачий	-1
лесбійка	-1
лжа	-2
лженаука	-1
ліквідація	-1
ліквідний	1
ліки	1
лікувальний	1
лікувати	1
лілія	1
лінчування	-2
липовий	-2
лихий	-2
лихо	-1
лихоманка	-1
лихослів'я	-2
лицемірний	-2
лицемірно	-1
лопнути	-1
лохів	-1
лояльність	1
лузер	-2
лукавий	-2
лукавити	-1
лупити	-2
люб'язний	1
любий	1
люблячий	2
любов	2
людинолюбний	1
людиноненависницький	-2
людожер	-1
людяний	1
лютий	-2
лютувати	-2
лють	-2
лякати	-1
лякливий	-2
ляп	-1
м'якотілість	-2
м'якотілих	-1
м`ясопродукт	-1
магічний	1
мажор	-2
мажорний	-1
майстерний	1
максимізувати	1
маловивчений	-1
малограмотний	-1
малодоступний	-1
малоефективний	-1
малоосвічений	-1
малорос	-2
малоцікавий	-1
малуватий	-1
мальовничий	1
малювання	1
малюнок	1
малярія	-2
маніакальний	-1
маніпулювати	-1
маніпуляція	-1
манірний	-1
маразматичний	-1
маргінал	-1
маріонетка	-1
марність	-2
марний	-1
марнославство	-1
марнота	-2
мародерство	-2
масонський	-2
масштабний	1
матеріальний	1
матінка	1
мафіозний	-1
мафія	-1
махінація	-2
маячити	-2
медаліст	1
медовий	1
меланхолія	-2
мелодійний	1
менінгіт	-1
меншість	-1
мерзенний	-2
мерзота	-2
меркантильний	-1
мертвий	-2
мертвонароджений	-1
мільйон	1
міна	-2
мінеральний	1
мініатюрний	1
містечко	1
містечковий	-1
місткий	1
місто-герой	1
міфічний	-1
міцність	1
міцний	1
мішанина	-1
милосердний	1
милосердя	1
милостивий	1
милуватися	1
мимоволі	-1
минутися	1
миро	1
миролюбний	1
миротворець	1
миротворчий	1
мистецтво	1
мистецьки	1
мистецький	1
митарство	-2
миш'як	-1
млявий	-1
множинний	-1
могила	-1
могутній	1
могутність	1
модельний	1
модернізація	1
модернізований	1
модернізувати	1
модерний	1
моджахед	-1
модульний	1
мозолити	-2
молитва	1
молодець	1
молодість	1
монетний	1
монстр	-1
монументальний	1
моральність	1
морочити	-2
москіт	-2
моторошний	-1
мочити	-1
мракобісний	-2
мракобісся	-2
мрійливий	1
мрія	1
мріяти	1
мстивий	-1
мститися	-2
мудрість	1
мудрий	1
мужній	2
мужність	2
музикальний	1
мука	-2
мутний	-1
мученик	1
мучити	-2
мучитися	-2
мюнхенський	-1
набирати	-1
набридати	-1
набуття	1
нав'язливий	-1
нав'язування	-2
навідліг	-2
навішувати	-1
навмисний	-2
навтьоки	-1
навчання	1
нагадувати	-1
наганяти	-1
нагнати	-2
наговорювати	-1
нагорода	2
нагородження	1
нагороджувати	1
нагороджуватися	1
нагородити	2
награбувати	-2
нагримати	-2
нагрянути	-2
надгробок	-1
наддержава	1
надзвичайний	-1
надзусилля	2
надійність	1
надійний	1
надія	1
надихати	1
надихатися	1
надлишковий	-1
надмірність	-1
надприбутковий	2
надриватися	-1
надуманий	-1
надумати	-2
наживатися	-1
наївний	-1
наїзд	-1
найвдаліший	1
найгірший	-2
найефективніший	1
найжорстокіший	-2
найзнаменитіший	-2
найняти	-2
найсмачніший	1
найсміливіший	1
найсприятливіший	1
найстрашніший	-2
найталановитіший	1
найтепліший	2
найцінніший	1
найчарівніший	1
накидатися	-1
накинувши	-2
накипіти	-2
наклеп	-1
наклепницький	-1
накопичений	2
накручувати	-1
налагоджувати	1
налазити	-2
налитися	-2
наляканий	-2
налякати	-1
нанесення	-1
напад	-2
нападати	-1
нападки	-1
напасти	-2
напівмертвий	-1
напівписьменний	-1
наплювати	-1
наповал	-1
наповнений	2
напоїти	1
наполегливість	1
наполегливий	1
напруга	-1
напружувати	-1
напханий	-2
наражати	-1
нарікання	-1
наркобізнес	-1
наркодилер	-2
наркоман	-2
наркоманія	-1
наркоманський	-1
наркота	-2
наркотик	-1
наркотичний	-1
насаджувати	-1
насильник	-1
насильницький	-1
насильно	-1
насильство	-1
наситити	1
насмішити	-2
наснага	1
насолода	1
насолоджуватися	1
насрати	-2
настирливий	-2
насторожувати	-1
натерпітися	-2
натовп	-1
натуральний	1
натхненний	1
натхнення	1
натяжка	-1
науковець	1
наукоємний	1
нахабніти	-2
нахабно	-1
нахабство	-1
нахуй	-2
нацистський	-1
нацьковувати	-2
начуватися	-2
нашкодити	-2
наштовхуватися	-2
неабиякий	1
неагресивний	1
неадекватність	-2
неадекватний	-1
неактуальний	-1
неакуратний	-1
небажаний	-1
небажання	-1
небайдужий	1
небанальний	1
небезкорисний	1
небезпечний	-1
небитий	1
неблагонадійний	-1
неблагополуччя	-1
неважливий	-1
невгамовний	-1
невдалий	-1
невдача	-2
невдачливий	-1
невдоволення	-2
невдячний	-1
невеликий	-1
невігластво	-1
невідповідність	-1
невідповідний	-1
невідступний	1
невільник	-2
невірний	-2
невигідний	-1
невигідно	-1
невизнаний	-1
невизначений	-1
невиконаний	-1
невиконання	-1
невиліковний	-2
невимовний	1
невимушений	1
невинний	-2
невиплата	-2
невиплачений	-1
невиправданий	-1
невиправний	-1
невиразний	-1
невиразно	-1
невирішений	-1
невисокий	-1
невичерпний	1
невміння	-1
неволити	-2
неволя	-2
невпевнений	-1
невпинний	1
невразливий	1
неврівноважений	-1
невтішний	-1
невтомний	1
негативний	-1
негативно	-1
негідний	-1
негідник	-1
неглибокий	-1
негода	-1
неграмотність	-2
неграмотний	-1
негуманний	-1
недалекоглядний	-1
недбайливий	-1
недбалість	-2
недбалий	-1
недвозначний	-1
недешевий	-1
недієздатний	-1
недисциплінований	-1
недитячий	-1
недобрити	-2
недобросовісний	-1
недовговічний	-1
недоведений	-2
недовіра	-1
недовірливий	-1
недоглянутий	-1
недозволений	-1
недоладність	-1
недоладний	-1
недолік	-1
недолугість	-1
недолугий	-1
недолюблювати	-2
недоношений	-1
недопалок	-1
недоречний	-1
недорікуватий	-1
недоробка	-1
недорозвинений	-1
недосвідчений	1
недосконалий	-1
недостатній	-1
недостатність	-1
недостовірний	-1
недосяжний	1
недоторканність	1
недоумкуватість	-1
недоумок	-2
недружелюбний	-2
недружній	-1
неетичний	-1
неефективність	-1
неефективний	-2
неживий	-1
нежиттєздатний	-1
нез'ясований	-1
незабутній	1
незагойний	-1
незадовільний	-1
незадоволений	-1
незакінчений	-1
незаконний	-1
незамараний	1
незамінний	1
незаможний	-1
незаперечний	1
незапорошений	1
незаслужений	-2
незаслужено	-1
незатишний	-2
незатребуваний	-1
незбалансований	-1
незбутній	-1
незвичайний	1
незворушність	1
незгідний	-1
нездатність	-1
нездатний	-1
нездійснений	-1
нездійсненний	-2
нездоланний	-2
нездоровий	-2
неземний	1
незламний	1
незліченний	1
незломлений	1
незміцнілий	-1
незмивний	-1
незнайомець	-2
незрівнянний	2
незрозумілий	-1
незрозуміло	-1
незручний	-1
незручно	-1
неідеальний	-1
неінформативний	-1
неїстівний	-1
неймовірний	1
некваліфікований	-1
некерований	-1
некомпетентний	-1
неконкурентоспроможний	-1
неконтрольований	-1
неконфліктний	1
некоректний	-1
некультурний	-1
неласкавий	-1
нелегальний	-1
нелегітимний	-1
нелегкий	2
неліцензійний	-1
нелогічність	-1
нелогічний	-1
нелояльний	-2
нелюбимий	-1
нелюбов	-1
нелюдський	-2
нелюдяний	-1
немаловажливий	1
неміцний	-1
немічний	-1
немилосердний	-1
неминучість	-1
неминучий	-1
немислимий	-1
немислимо	-1
неможливість	-1
неможливий	-1
немолодий	-1
ненавидіти	-2
ненависний	-2
ненависть	-2
ненавмисний	-2
ненавчений	-1
ненадійний	-1
ненажерливий	-1
неналежний	-1
ненароком	-1
ненаситний	-2
ненатуральний	-1
ненормальний	-1
ненормативний	-1
необ'єктивний	-1
необачний	-1
необгрунтований	-1
необдуманий	-1
необережність	-2
необережний	-1
необов'язковий	-1
необтяжливий	1
необхідний	1
неоднозначний	-1
неонацистський	-2
неопалюваний	-1
неоплачуваний	-1
неорганізований	-1
неординарний	1
неоригінальний	-1
неосвічений	-1
неосяжний	1
неофашист	-2
неохайність	-2
неохайний	-1
неохоче	-1
неоціненний	1
непатріотичний	-1
неперевершений	2
неперевірений	-1
непередаваний	1
непередбачений	-1
непередбачуваний	-1
непереконливий	-1
непереможений	2
непереможний	1
непідготовлений	-1
непідконтрольний	-1
непідкупний	1
непідробний	1
непідтверджений	-2
неповага	-1
неповажний	-2
неповноцінність	-1
неповноцінний	-1
непоганий	1
непогано	1
неподобство	-2
непоказний	-1
непокірний	-1
непокора	-1
непомірний	-1
непопулярний	-1
непорозуміння	-1
непорушний	1
непорядний	-1
непослідовність	-2
непослідовний	-1
непотрібний	-1
непохитний	1
неправда	-1
неправдоподібний	-1
неправильний	-1
неправильно	-1
неправомірний	-1
неправосудний	-2
непрактичний	-1
неприбутковий	-1
непривабливий	-1
непривітний	-1
неприглядний	-1
непридатний	-1
неприємність	-1
неприємний	-1
неприйнятний	-2
неприйняття	-1
неприкметний	-1
неприкритий	-1
непримітний	-1
непримиренний	-1
неприпустимий	-1
неприродний	-1
непристойний	-1
непристосований	-1
непритомний	-2
неприязний	-1
непробивний	1
непродуктивний	-1
непродуманий	-2
непросвітлений	-1
непростимий	-1
непрофесійний	-1
непрофесіоналізм	-2
непроханий	-2
непрошений	-1
нерадісний	-1
нервовий	-1
нервозний	-1
нервувати	-1
нереалізований	-1
нереалістичний	-1
нереальність	-1
нерівність	-1
нерівний	-1
нерішучий	-2
нероба	-1
нерозв'язний	-1
нерозповсюдження	1
нерозуміння	-1
нерозумний	-2
нерозумно	-1
несамовитий	-1
несамостійний	-1
несанкціонований	-1
несвідомий	-1
несексуальний	-1
несерйозний	-1
несиметричний	-1
несимпатичний	-1
несистемний	-1
несказаний	1
нескладно	1
нескромність	-2
нескромний	-1
неслухняний	-1
несмак	-2
несмачний	-1
несплата	-1
несплачений	-1
несповідимий	-1
неспокійний	-1
несправедливо	-2
несправний	-1
несприятливий	-1
неспроможність	-1
нестабільність	-1
нестабільний	-1
нестандартний	1
нестаріючий	1
нестерпний	-1
нестриманий	-1
несумісний	-1
несумлінність	-2
несучасний	-1
несхвальний	-2
нетактовний	-2
нетверезий	-1
нетерпіння	1
нетерплячий	-1
неточність	-1
неточний	-1
нетрі	-2
нетяжкий	-2
неув'язка	-1
неуважний	-1
неугодний	-1
неупереджений	1
неуспішний	-1
неушкоджений	1
нехитрий	1
нехороший	-1
нехтувати	-1
нецензурний	-2
нецікавий	-1
нецивілізований	-2
нечесний	-2
нечесно	-1
нечестивий	-1
нечистий	-1
нечисть	-1
нешкідливий	1
нещадний	-2
нещасливий	-2
нещасний	-2
нещастя	-2
нещирість	-2
нещирий	-1
неявний	-1
неякісний	-2
неясно	-1
ніжність	1
ніжний	2
нікудишній	-2
нікчема	-2
нікчемний	-2
німецько-фашистський	-1
німота	-2
нірвана	1
нісенітниця	-1
ніякий	-1
низький	-1
низькооплачуваний	-1
низькопробний	-1
низькоякісний	-1
нити	-2
ниття	-1
нищівний	1
новаторський	1
новенький	1
новизна	1
нововведення	1
новомодний	1
новосел	1
нормалізація	2
нормативний	1
нудний	-1
нуднуватий	-1
нудота	-1
нудотний	-1
нудьга	-1
нужда	-1
об'єктивність	1
об'їдати	-1
обачний	1
обвал	-1
обвалення	-1
обвальний	-1
обвинувальний	-1
обвинувачуватися	-2
обгорілий	-2
обдарований	1
обдаровання	1
обдирати	-2
обдурити	-2
обдурювати	-2
обивательський	-1
обкладати	-1
обкрадати	-1
облізлий	-2
обливати	-2
обличчя	1
обманювати	-2
обмеженість	-1
обмежувати	-1
обнадійливий	1
обожнювати	1
оборона	1
обрадувати	1
ображати	-2
ображений	-2
образа	-1
образливий	-2
обрамлення	1
обривати	-1
обрушити	-2
обрушувати	-1
обрушуватися	-1
обстріл	-2
обстрілювати	-2
обсценний	-1
обтяжливий	-1
обтяжувати	-2
обурення	-1
обурливий	-2
обурюватися	-2
обшук	-1
овація	1
огида	-2
огидний	-2
одіозний	-1
одірваний	-1
одноголосний	1
однодумець	2
одноманітний	-1
одноразовий	1
одностайний	1
одужання	1
одужувати	1
оживати	1
озброєння	-1
озброюючи	-2
озвірілий	-2
оздоровити	1
оздоровлення	1
оздоровчий	1
окупант	-1
окупаційний	-1
окупувати	-1
олігарх	1
олігархічний	-1
олігархія	-1
омріяний	1
онкологічний	-1
онкологія	-1
оновлений	1
оплакувати	-1
оплески	1
оптимальний	1
оптимізм	1
оптимізувати	1
оптимістичний	1
ораторський	1
організаторський	1
оригінальність	1
оригінальний	1
осаджувати	-1
освітній	1
освічений	1
осипатися	-2
оскаржувати	-1
оскароносний	1
оскома	-2
особливий	1
осуд	-1
осудити	-2
осудний	-1
отруєння	-1
отруїти	-2
отруйний	-1
отрута	-2
отруювати	-1
офігенний	1
офіційний	1
охорона	1
очікуваний	1
очищення	1
ощадливість	1
ощадливий	1
п'яний	-2
п'янити	-2
п'янство	-2
падати	-1
падіння	-1
пакість	-2
палити	-2
палкий	1
пан	1
панахида	-2
паніка	-1
панічний	-1
панування	1
парадоксально	1
паразитарний	-1
паразитичний	-1
паралізувати	-1
параноїдальний	-1
паритися	-1
паршивий	-2
паскудний	-2
пасти	-2
пастирський	1
пастка	-1
патогенний	-1
патологічний	-1
патологія	-1
патріотичний	1
пафос	-1
пафосний	-1
пацюк	-2
паща	-1
педерастія	-2
педерастична	-1
педофіл	-2
педофілія	-2
первозданний	1
перебільшувати	-1
перебільшуватися	-2
перебивати	-2
перебити	-2
перевага	1
переважний	1
перевершивши	1
перевершити	1
перевершувати	1
перевищення	-1
перегороджувати	-1
передбачити	1
передозування	-1
передсмертний	-1
передчуття	1
переконати	-2
переконливість	1
переконливий	1
перекреслювати	-1
перекупка	-2
переламати	-2
перемішаний	-2
перемога	1
перемогти	1
переможний	1
перенасичувати	-1
переплачувати	-1
переповнення	-1
переполох	-2
перерізаний	-2
переривати	-2
переробний	1
пересічний	-1
переслідувати	-1
переслідуватися	-2
пересмикувати	-1
перестрілка	-2
перетворення	1
першокласний	2
першосортний	1
песимістичний	-1
печальний	-1
підарас	-2
підбивати	-1
підвести	-2
підвищуватися	1
підводити	-1
піддаватися	-1
піддатися	-2
піддослідний	-1
підірвати	-2
підкоритися	-2
підкріплення	1
підкуповувати	-1
підневільний	-1
піднесений	1
піднятий	1
підозра	-1
підозрілий	-1
підозрювати	-1
підпалювати	-1
підпалювач	-2
підпорядковувати	-1
підривати	-1
підриватися	-1
підробити	-2
підробка	-1
підроблений	-1
підробляти	1
підсаджувати	-1
підсаджуватися	-1
підставний	-2
підступ	-2
підступи	-1
підступність	-2
підступний	-1
підсудний	-1
підтримати	1
підтримувати	1
підтримуватися	1
підшукувати	-2
пізнавальний	1
пізнавати	1
пізнання	1
піклуватися	1
пільговий	2
піратський	-1
пісний	-2
піхва	-2
пиздець	-2
пильність	1
писклявий	-1
пихатий	-1
пишатися	1
пишність	2
пишний	1
пияцтво	-1
пиячити	-2
плагіат	-1
плаксивий	-1
плач	-2
плачевний	-1
плебейський	-1
плідний	1
плутаний	-1
плутанина	-1
плутатися	-1
плювати	-2
плюнути	-1
пневмонія	-1
по-дитячому	1
по-дружньому	1
по-людськи	1
по-особливому	1
по-сучасному	2
побій	-2
побиватися	-2
побити	-2
побитися	-2
побиття	-1
поблагословити	1
поблажливий	-1
побліднути	-2
побої	-2
побоювання	-1
побоюватися	-1
повага	1
поважати	1
поважний	1
повалення	-1
повальний	-1
повбивати	-2
повільний	-1
повінь	-2
повіситися	-2
повія	-2
повнофункціональний	1
повноцінний	1
повстання	-1
повчальний	1
повчання	1
поганий	-1
поганка	-1
погано	-1
погіршення	-1
погіршувати	-2
погіршуватися	-1
погинути	-2
поглиблений	1
поглиблення	1
погнатися	-2
погожий	1
поголити	-2
пограбування	-1
пограбувати	-2
погром	-1
погубити	-1
подарований	1
подарунок	1
подільник	-2
подобатися	1
подолання	1
подолати	1
подружитися	1
подяка	1
подячний	2
поетичний	1
пожертвування	1
пожертвувати	1
поживний	1
пожити	1
позаздрити	-1
позамежний	-2
позаплановий	-1
позбавлення	-1
позбавляти	-1
позбавлятися	-1
поздоровити	2
поздоровляти	1
позитивний	1
позитивно	1
познайомити	1
позолочений	1
покарання	-2
покарати	-2
покійний	-1
покінчити	-2
покидьок	-2
покращити	2
покритка	-2
покупка	-1
покусати	-2
поламаний	-2
поламати	-2
полегшення	1
полегшувати	1
полінуватися	-1
поліпшення	1
поліпшити	1
поліпшитися	1
поліпшувати	2
поліпшуватися	1
політкоректність	1
політтехнологія	-2
полон	-2
полохливий	-1
полюбити	1
пом'якшення	1
пом'якшувати	1
померти	-1
помилка	-1
помилковий	-1
помилування	1
помилувати	1
помилуватися	1
помилятися	-1
поминальний	-1
помовчувати	-1
помогти	1
помпезний	-1
помститися	-2
понад	1
понаїжджати	-1
понуро	-1
попадати	-2
поплакати	-1
поповнювати	1
популярний	1
порадити	1
порадувати	1
порвати	-1
поржати	-1
порівнянний	1
порнографія	-2
поробити	-1
порозуміння	1
порочити	-2
порочне	-1
порушення	-1
порушник	-1
порушувати	-2
порядний	1
порятувати	1
порятунок	1
посередній	-1
посередник	-1
посібник	-1
посилений	1
посилення	-2
посилити	-1
посилювати	-1
посилюватися	1
поскаржитися	-1
послідовник	1
посміховисько	-2
посмішка	1
постаратися	1
постраждати	-1
постріл	-1
посуха	-2
посягання	-1
посягати	-2
потворний	-2
потенціал	1
потішити	1
потомство	1
потоптатися	-2
потрібний	1
потрійний	1
потрясіння	-2
потужно	1
пофігізм	-2
похабний	-2
похвала	1
похвальний	1
похмілля	-1
похмурий	-1
поховати	-1
поцілунок	1
почастувати	1
почесний	2
почесть	1
пошана	1
пошкодження	-1
пошкоджувати	-1
пошлість	-1
пошлий	-1
пошлятина	-1
пощаститися	1
правдоподібний	1
праведний	1
праведник	1
правильність	1
правильний	1
правовірний	1
правопорушення	-1
правопорядок	1
правосуддя	-1
прагнути	1
практичний	1
працелюбний	2
презентабельний	1
презирство	-1
прекрасний	1
прекрасно	1
премудрий	1
преосвященний	1
прескорботний	-1
престижний	1
претензійний	-1
пречистий	1
пречудовий	-1
пріоритет	1
прибутковий	1
привабливість	1
привабливіший	1
привабливий	1
приватизувати	-1
привілей	1
привілейований	1
привітавшись	1
привітання	1
привітний	2
пригальмовувати	-1
пригнічення	-2
пригнічувати	-1
приголомшливий	1
приголосний	1
придатний	1
приєднуватися	1
приємний	1
приємно	1
призвати	-2
приїдатися	-1
прийняти	1
прийнятний	1
прийшлий	-1
прикрий	-2
прикрити	-2
прилітати	-1
применшувати	-1
примітивність	-1
примітивний	-1
примирення	1
примирливий	1
примножувати	1
примус	-1
примусовий	-1
примушувати	-1
примха	-1
примхливий	-1
приниження	-1
принижувати	-2
принижуючи	-2
принизливий	-2
приносити	1
припадок	-1
приречений	-2
природність	1
приручений	-2
присікання	-1
прислужитися	1
пристойно	1
пристрілювати	-1
присягати	1
притягти	-2
приурочувати	1
прихильний	1
приховування	-1
приховуватися	-2
пришелепкуватий	-1
прищик	-2
проблема	-1
проблематичний	-1
проблемний	-1
провалений	-1
провалитися	-2
провальний	-1
провалювати	-1
провина	-1
провокаційний	-2
провокація	-2
провокувати	-1
прогинатися	-1
проголошувати	-1
програвати	-1
програші	-1
прогрес	1
прогресивний	2
продаватися	1
продуктивний	1
проігнорувати	-1
пройдисвіт	-2
проклін	-2
проклинати	-2
прокляття	-2
промахуватися	-1
променистий	1
проникати	-1
проникливий	1
пронюхати	-2
пропагандист	-1
пропадати	-1
пропащий	-2
просвітитель	1
просвітницький	1
прославляти	1
проспати	-2
простіший	1
просторікування	-1
просторий	1
прострочувати	-1
проступок	-1
протест	-1
протестувати	-1
противник	-1
протизаконний	-1
протизапальний	1
протиправний	-2
протиприродний	-1
протиріччя	-1
протитанковий	-1
професійний	1
професіоналізм	1
професіональний	1
процвітання	1
процвітати	1
процвітаючий	1
прощати	-2
проявлений	1
прут	-2
псевдо	-1
псевдонауковий	-1
псих	-1
психіатричний	-1
психлікарня	-2
психотропний	-1
псувати	-2
псуватися	-1
пузатий	-1
пунктуальний	1
пустушка	-1
пухкий	1
пухлина	-1
пухнастий	1
рабовласник	-1
работоргівець	-2
рабський	-1
радіаційний	-1
радісний	1
радість	2
радіти	1
радикал	-1
радувати	1
разюче	1
раптовий	-1
расист	-2
расистський	-2
рваний	-1
рвати	-1
реабілітаційний	1
реабілітувати	1
реаліст	1
реалістичний	1
реаліті-шоу	-1
ревний	-1
ревнощі	-2
революціонер	-1
реготати	1
результативний	1
рейдерське	-1
рейдерський	-2
рекомендація	1
рекомендувати	1
рекордний	1
релевантний	1
репресія	-2
репресивний	-1
репресований	-1
репресувати	-1
респект	1
респектабельний	2
ретельний	1
ретельно	1
рівність	1
рівномірний	1
рівноправність	1
рівноправний	2
рідкісний	-1
різак	-2
різанина	-2
різати	-2
різнокольоровий	1
різноманітний	1
рішучість	1
рішучий	1
ридати	-1
ризикований	-1
ризикувати	-2
рихлий	-1
роботизований	1
родзинка	1
родинний	2
родючий	1
роз'їдати	-2
розбагатіти	1
розбазарити	-2
розбещувати	-2
розбійник	-1
розбійницький	-1
розбирання	-1
розбираючись	-2
розбрат	-2
розв'язний	-1
розв'язування	-1
розв'язувати	-1
розвага	1
розважальний	1
розважливий	1
розвал	-2
розвалювати	-1
розвалюватися	-1
розвінчання	-1
розвивати	1
розвиватися	1
розвинений	1
розвинутий	1
розводити	-1
розгляд	-1
розгойдувати	-2
розгоратися	-1
розгром	-1
розгромити	-1
розгульний	-2
розгулятися	1
роздавлювати	-1
роздмухувати	-2
роздратування	-2
роздратувати	-2
роздувати	-1
роззброєння	1
роззброювання	1
розквітати	1
розкіш	-1
розкішний	1
розкладання	-1
розколювати	-2
розкрадання	-2
розкрадати	-2
розкритиковувати	-2
розкритикувати	-2
розкусити	-2
розкутий	1
розлад	-1
розлютитися	-2
розлючений	-2
розміреність	1
рознести	-2
розпалити	-2
розпалювання	-1
розпалювати	-1
розплакатися	-1
розплата	-2
розплачуватися	-1
розпливчастий	-1
розправа	-2
розправлятися	-1
розпростертий	1
розпуста	-2
розрадити	1
розрізнений	-1
розривати	-2
розруха	-2
розсекречувати	1
розстріл	-1
розстрілювати	-2
розтління	-1
розтратити	-2
розуміння	1
розумніти	1
розумний	1
розумниця	1
розумно	1
розчавити	-2
розчаровуватися	-1
розчарування	-1
розчленовувати	-2
розширити	1
романтичний	1
рубати	-2
рублевський	-1
руїна	-2
руйнівний	-1
руйнування	-1
руйнувати	-2
руйнуватися	-1
русофіл	1
русофобський	-1
рутинний	-1
рухнути	-1
рябий	-2
рясний	1
рятівник	1
рятування	2
садити	-1
сакральний	1
сакраментальний	-2
самовільний	-1
самовладання	1
самовпевнений	-1
самогубець	-2
самогубний	-2
самогубство	-2
самодостатній	1
самозакоханість	-2
самозакоханий	-1
самозваний	-1
самокаліцтво	-2
самокритичний	1
самомилування	-1
самоокупний	1
самоповага	1
самосуд	-2
самотній	-1
саркастичний	-1
сатана	-1
сатанинський	-2
сатиричний	-1
свавілля	-2
сваволити	-2
сваволя	-2
сварити	-2
сваритися	-1
сварка	-1
свастика	-1
свекруха	-2
свіженький	1
свіжий	1
світлий	2
свинство	-2
свиня	-1
своєчасний	1
святенництво	-1
святість	1
святиня	1
святковий	1
святкування	1
святкувати	1
свято	1
священний	1
сексуальність	1
селюк	-2
сенсаційний	1
сентиментальний	-1
сердечний	1
серіальний	-1
серцево-судинний	-1
сірість	-1
силовий	1
симпатія	1
симпатизувати	1
симпатичний	1
син	-1
синхронний	1
сирітство	-1
сифіліс	-1
скаженіти	-1
сказ	-2
скалічити	-2
скалити	-2
скандал	-1
скандальний	-1
скарати	-2
скаржитися	-1
скачувати	-1
скептик	-1
скептичний	-1
скептично	-1
скінхед	-1
скидання	-1
скидатися	-1
складний	1
скнара	-1
скоєний	-2
скоїти	-2
сконструювати	1
скороспішний	-1
скорочувати	-1
скорочуватися	-1
скотина	-2
скотитися	-1
скоюватися	-2
скрипіти	-2
скромний	1
скрупульозний	1
скрутний	-1
скудний	-1
слабенький	-1
слабкість	-1
слабкий	-1
слабнути	-2
слаборозвинений	-1
слабуватий	-1
слабшати	-1
слабший	-2
слава	1
славитись	1
славненько	1
славний	1
сліпий	-2
сліпучий	1
слуга	1
служниця	-2
слухати	1
слушний	1
сльозливий	-1
смачний	1
смердіти	-2
смердючий	-2
смертельний	-2
смертність	-1
смертний	-2
смертник	-2
смертниця	-2
смертоносний	-2
смерть	-1
сміливість	1
смітити	-2
сміття	-1
сміхотворний	-1
смішний	1
смішок	-2
смикнувши	-2
смиренність	2
смутний	-1
снайпер	-1
снайперський	-1
снаряд	-1
сновигати	-2
совковий	-1
содом	-2
содомія	-1
сокирний	-1
соковитий	1
солідний	1
солодкий	1
сонечко	1
сонячний	1
сопрано	1
сором'язливий	-1
соромно	-2
сортирний	-1
союзницький	1
сп'яну	-2
спад	-1
спадати	-1
спадщина	1
спалахливий	-1
спалити	-2
спалювати	-2
спантеличений	-2
спасибі	2
спекулянт	-1
спекуляція	-1
спересердя	-2
співдружність	1
співкамерник	-1
співпереживати	1
співчувати	1
співчуття	1
спізнюватися	-2
спільниця	-2
спітніти	-2
спиватися	-2
спиздити	-2
спинити	-2
списати	-2
списувати	-2
споглядання	1
сподобатися	1
споживати	-1
споживацький	-2
спокій	1
спокійний	1
спокусити	-2
спокусливий	1
спортивний	1
спотворити	-2
справді	1
справедливий	1
справжній	1
справлятися	1
справний	1
справно	1
сприяння	1
сприяти	1
сприятливий	2
спробувати	1
спровокувати	-1
спроектований	1
спрощувати	1
спустошення	-2
спустошити	-2
сріблястий	1
срібний	1
ссати	-2
стабілізація	1
стабільність	1
сталінізм	-2
старанність	1
старанний	1
старечий	-1
старовинний	1
стартап	1
стафілокок	-2
стереотипний	-1
стійкість	2
стійкий	1
стічний	-2
стогнати	-1
стопудовий	1
сторонній	-1
страждання	-1
страйк	-1
страта	-2
стратегія	1
стратити	-1
страшилка	-2
страшненький	-1
страшний	-2
стресовий	-1
стріляти	-1
стриманий	1
стримування	-1
строгість	-1
стрункий	1
струс	-1
стукнути	-2
стурбованість	-1
стурбувати	-1
суджений	-1
судитися	-1
судомити	-2
судомний	-1
суїцид	-2
султан	1
сумбурний	-1
сумлінний	2
сумнівний	-1
сумний	-2
сумно	-2
сумнозвісний	-2
сумувати	-1
супер	1
суперництво	-1
суперсучасний	1
супротивитися	-1
сутенер	-2
сутичка	-1
сучий	-2
сучок	-2
сфабрикований	-2
сфальсифікувати	-2
схаменутися	-2
схвалення	1
схвальний	1
схвалювати	1
схлипувати	-2
сценічний	1
сюрреалістичний	-1
таблетка	-2
тавруючи	-2
таж	-2
тактовний	1
талановитий	2
талант	1
талісман	1
танго	1
танцюючий	1
тварюка	-2
твердий	-1
тверезомислячий	1
творчість	1
тельбух	-2
терапевтичний	1
терапія	-1
терзати	-2
тернистий	-1
тероризувати	-1
терорист	-2
терористичний	-2
терористка	-2
терпіння	1
терпіти	-2
терплячий	1
тіньовий	-1
тіснява	-2
тішитися	1
тиран	-2
тиранічний	-2
тиранія	-2
тиск	-1
тиснути	-1
тисячолітній	1
титанічна	1
титулований	1
тлінний	-1
товариство	1
товариський	1
товктися	-2
токсичний	-1
топити	-2
торт	1
тортура	-2
тоскний	-1
тоталітарний	-1
точність	1
точний	1
травма	-1
травматичний	-1
травмувати	-1
трагедія	-2
трагічний	-2
траурний	-1
трахати	-2
трахатись	-2
трахнути	-2
третьосортний	-2
трійка	-1
тріумф	1
тріщати	-2
тривога	-1
тривожити	-2
тривожний	-1
троцькіст	-1
троянда	1
трудівник	1
труїти	-2
трупний	-2
трухлявий	-1
трястися	-1
туберкульоз	-1
туга	-1
тугий	-1
тужливий	-2
тупик	-1
тупиковий	-1
тупити	-2
тупуватий	-1
туша	-2
тушка	-1
тхнути	-1
тюремний	-1
тюрма	-2
тяганина	-1
тяжба	-1
тяжкий	-1
тяжкохворий	-1
убезпечити	1
убійний	-1
убивство	-2
убити	-2
убитий	-2
ублюдок	-2
ублюдочний	-2
убозтво	-2
убрання	1
уважний	1
увічнення	1
угодний	-1
угруповання	-1
удаваний	-2
ударний	-1
ударостійкий	1
удача	1
удачливий	1
удостоювати	1
удостоюватися	1
уїдливий	-1
українофобство	-2
украсти	-2
улесливий	-1
ультрасучасний	1
улюблений	1
умертвити	-2
умисел	-1
умисний	-1
унікальність	1
упійманий	-2
упир	-2
упускати	-1
ура	1
уразити	-2
уразливий	-1
урегулювання	1
урожайний	1
урочистість	1
урочистий	2
усвідомлювати	1
ускладнення	-1
ускладнювати	-1
ускладнюватися	-1
уславлений	1
усміх	1
усміхатися	1
усміхнений	1
усмішка	1
успіх	2
успішно	2
усувати	-1
утиск	-2
утопічний	-1
утруднення	-1
ухилятися	-1
училка	-1
ущербний	-2
фавор	1
фальсифікація	-1
фальсифікувати	-1
фальшивий	-1
фальшувати	-2
фамільярність	-2
фамільярний	-1
фанатизм	-1
фанатик	-1
фантастичний	1
фарисейство	-2
фатальний	-1
фаховий	1
фашист	-1
фашистський	-2
феєричний	1
феномен	1
феноменальний	1
фест	1
фешенебельний	1
фігня	-2
фіговий	-1
фізіономія	-2
фіктивний	-1
філігранний	1
формальний	-1
фотогенічний	1
фу	-1
хабар	-1
хабарник	-2
хакерський	-1
халява	1
хамство	-2
хамський	-1
хамуватий	-2
хаотичний	-1
хапатися	-2
харизматичний	1
хвалений	-1
хвалитися	-1
хвилювання	-1
хворіти	-1
хворий	-2
хвороба	-1
хворобливість	-1
хворобливий	-1
хвороботворний	-2
хер	-2
хижак	-1
химерний	-1
хирлявий	-1
хисткий	-1
хитатися	-1
хитрість	-1
хитрий	1
хлоп	-2
хлопський	-2
хмиз	-2
ховати	-2
холод	-1
хоробрість	2
хоробрий	1
хороший	1
хохол	-2
хрещення	1
хрипота	-1
хронічний	-2
хропти	-2
хрустіти	-1
хтивий	-1
худий	-1
хуй	-1
хуйня	-1
хуліган	-1
хуліганський	-2
цвілий	-1
цвинтар	-1
цікавий	1
цілеспрямованість	2
цілеспрямований	1
цілісний	1
цілитель	2
цілувати	2
цілющий	1
цінність	1
цінніший	1
цінний	1
цінувати	2
ціп	-2
цивілізаційний	1
цинізм	-1
цинік	-2
цинічний	-2
цнотливий	2
цукерка	1
цунамі	1
цькування	-2
цькувати	-2
чадний	-1
чарівність	2
чарівний	2
частування	2
частувати	1
чекіст	-1
чесний	1
чеснота	1
чеченець	-1
чіпати	-2
чіплятися	-1
чіткість	1
чиновницький	-1
чисельний	1
чистенький	1
чистий	1
чистота	1
читабельний	1
чорнити	-2
чорнобильський	1
чорт	-1
чреватий	-2
чудесний	1
чудовий	2
чудово	2
чудодійний	1
чудотворний	1
чужий	-2
чужорідний	-1
чуйний	1
шаблонний	-1
шайка	-1
шайтан	-2
шаленість	-1
шалений	-1
шампанський	1
шана	1
шанобливий	1
шантажист	-2
шанувати	1
шахід	-2
шахраї	-1
шахрайство	-1
шахрайський	-2
шахраюватий	-2
швидкий	1
швидкозростаючий	1
швидший	1
шедевр	1
шизофренічний	-1
шикарний	1
ширвжиток	-2
широкий	1
шкідливий	-1
шкідницький	-1
шкодоносний	-2
шкодувати	-2
шляхетність	1
шовінізм	-1
шок	-1
шоколадний	2
шокувати	-2
шпигунство	-2
шприц	-1
штовхнути	-2
штормовий	-1
штрафувати	-1
штурмувати	-1
щасливий	2
щасливити	1
щастя	2
щедрість	2
щедрий	1
щедро	1
щирість	1
щирий	1
щурячий	-2
ювілей	1
якісний	1
якісно	1
якнайкращий	2
якнайшвидший	1
янгол	1
яскравий	1
ясність	1
ясний	1
ясновельможний	1
